-- MySQL dump 10.13  Distrib 5.6.27, for debian-linux-gnu (i686)
--
-- Host: localhost    Database: restoran
-- ------------------------------------------------------
-- Server version	5.6.27-2

/*!40101 SET @OLD_CHARACTER_SET_CLIENT=@@CHARACTER_SET_CLIENT */;
/*!40101 SET @OLD_CHARACTER_SET_RESULTS=@@CHARACTER_SET_RESULTS */;
/*!40101 SET @OLD_COLLATION_CONNECTION=@@COLLATION_CONNECTION */;
/*!40101 SET NAMES utf8 */;
/*!40103 SET @OLD_TIME_ZONE=@@TIME_ZONE */;
/*!40103 SET TIME_ZONE='+00:00' */;
/*!40014 SET @OLD_UNIQUE_CHECKS=@@UNIQUE_CHECKS, UNIQUE_CHECKS=0 */;
/*!40014 SET @OLD_FOREIGN_KEY_CHECKS=@@FOREIGN_KEY_CHECKS, FOREIGN_KEY_CHECKS=0 */;
/*!40101 SET @OLD_SQL_MODE=@@SQL_MODE, SQL_MODE='NO_AUTO_VALUE_ON_ZERO' */;
/*!40111 SET @OLD_SQL_NOTES=@@SQL_NOTES, SQL_NOTES=0 */;

--
-- Table structure for table `detail_pesanan`
--

DROP TABLE IF EXISTS `detail_pesanan`;
/*!40101 SET @saved_cs_client     = @@character_set_client */;
/*!40101 SET character_set_client = utf8 */;
CREATE TABLE `detail_pesanan` (
  `id_detail_pesanan` int(11) NOT NULL AUTO_INCREMENT,
  `id_pesanan` int(11) NOT NULL,
  `id_menu` int(11) NOT NULL,
  `jumlah` int(11) NOT NULL,
  PRIMARY KEY (`id_detail_pesanan`),
  KEY `id_pesanan` (`id_pesanan`),
  KEY `id_menu` (`id_menu`),
  CONSTRAINT `detail_pesanan_ibfk_1` FOREIGN KEY (`id_pesanan`) REFERENCES `pesanan` (`id_pesanan`),
  CONSTRAINT `detail_pesanan_ibfk_2` FOREIGN KEY (`id_menu`) REFERENCES `menu` (`id_menu`)
) ENGINE=InnoDB AUTO_INCREMENT=8 DEFAULT CHARSET=latin1;
/*!40101 SET character_set_client = @saved_cs_client */;

--
-- Dumping data for table `detail_pesanan`
--

LOCK TABLES `detail_pesanan` WRITE;
/*!40000 ALTER TABLE `detail_pesanan` DISABLE KEYS */;
INSERT INTO `detail_pesanan` VALUES (1,1,1,10),(2,2,2,2),(3,3,1,1),(4,3,5,1),(5,3,3,1),(6,0,2,1),(7,0,3,1);
/*!40000 ALTER TABLE `detail_pesanan` ENABLE KEYS */;
UNLOCK TABLES;

--
-- Table structure for table `meja`
--

DROP TABLE IF EXISTS `meja`;
/*!40101 SET @saved_cs_client     = @@character_set_client */;
/*!40101 SET character_set_client = utf8 */;
CREATE TABLE `meja` (
  `no_meja` int(11) NOT NULL AUTO_INCREMENT,
  `kategori` enum('Smoking','No Smoking') NOT NULL,
  `lantai` int(11) NOT NULL,
  `status` int(11) NOT NULL,
  `kapasitas` int(11) NOT NULL,
  PRIMARY KEY (`no_meja`)
) ENGINE=InnoDB AUTO_INCREMENT=2 DEFAULT CHARSET=latin1;
/*!40101 SET character_set_client = @saved_cs_client */;

--
-- Dumping data for table `meja`
--

LOCK TABLES `meja` WRITE;
/*!40000 ALTER TABLE `meja` DISABLE KEYS */;
INSERT INTO `meja` VALUES (1,'No Smoking',2,1,20);
/*!40000 ALTER TABLE `meja` ENABLE KEYS */;
UNLOCK TABLES;

--
-- Table structure for table `menu`
--

DROP TABLE IF EXISTS `menu`;
/*!40101 SET @saved_cs_client     = @@character_set_client */;
/*!40101 SET character_set_client = utf8 */;
CREATE TABLE `menu` (
  `id_menu` int(11) NOT NULL,
  `nama_menu` varchar(60) NOT NULL,
  `jenis` enum('makanan','minuman') NOT NULL,
  `stok` int(11) NOT NULL,
  `harga` int(11) NOT NULL,
  PRIMARY KEY (`id_menu`)
) ENGINE=InnoDB DEFAULT CHARSET=latin1;
/*!40101 SET character_set_client = @saved_cs_client */;

--
-- Dumping data for table `menu`
--

LOCK TABLES `menu` WRITE;
/*!40000 ALTER TABLE `menu` DISABLE KEYS */;
INSERT INTO `menu` VALUES (1,'Nasi Goreng Kambing','makanan',10,10000),(2,'Baso','makanan',10,70000),(3,'Jus Melon','minuman',20,5000),(4,'Teh Manis','minuman',30,1),(5,'A','makanan',1,2);
/*!40000 ALTER TABLE `menu` ENABLE KEYS */;
UNLOCK TABLES;

--
-- Table structure for table `pesanan`
--

DROP TABLE IF EXISTS `pesanan`;
/*!40101 SET @saved_cs_client     = @@character_set_client */;
/*!40101 SET character_set_client = utf8 */;
CREATE TABLE `pesanan` (
  `id_pesanan` int(11) NOT NULL,
  `waktu` datetime NOT NULL,
  `no_meja` int(11) NOT NULL,
  `status` enum('0','1') NOT NULL,
  PRIMARY KEY (`id_pesanan`)
) ENGINE=InnoDB DEFAULT CHARSET=latin1;
/*!40101 SET character_set_client = @saved_cs_client */;

--
-- Dumping data for table `pesanan`
--

LOCK TABLES `pesanan` WRITE;
/*!40000 ALTER TABLE `pesanan` DISABLE KEYS */;
INSERT INTO `pesanan` VALUES (0,'2016-01-03 08:07:24',3,'0'),(1,'2016-01-03 05:14:38',1,'0'),(2,'2016-01-03 06:08:19',1,'0'),(3,'2016-01-03 08:00:38',2,'0');
/*!40000 ALTER TABLE `pesanan` ENABLE KEYS */;
UNLOCK TABLES;
/*!40103 SET TIME_ZONE=@OLD_TIME_ZONE */;

/*!40101 SET SQL_MODE=@OLD_SQL_MODE */;
/*!40014 SET FOREIGN_KEY_CHECKS=@OLD_FOREIGN_KEY_CHECKS */;
/*!40014 SET UNIQUE_CHECKS=@OLD_UNIQUE_CHECKS */;
/*!40101 SET CHARACTER_SET_CLIENT=@OLD_CHARACTER_SET_CLIENT */;
/*!40101 SET CHARACTER_SET_RESULTS=@OLD_CHARACTER_SET_RESULTS */;
/*!40101 SET COLLATION_CONNECTION=@OLD_COLLATION_CONNECTION */;
/*!40111 SET SQL_NOTES=@OLD_SQL_NOTES */;

-- Dump completed on 2016-01-03 15:30:45
