<?xml version="1.0"?>
<!DOCTYPE hibernate-mapping PUBLIC "-//Hibernate/Hibernate Mapping DTD 3.0//EN"
"http://www.hibernate.org/dtd/hibernate-mapping-3.0.dtd">
<!-- Generated Jan 10, 2016 3:08:16 PM by Hibernate Tools 4.3.1 -->
<hibernate-mapping>
    <class name="model.DetailPesanan" table="detail_pesanan" catalog="restoran" optimistic-lock="version">
        <id name="idDetailPesanan" type="java.lang.Integer">
            <column name="id_detail_pesanan" />
            <generator class="identity" />
        </id>
        <many-to-one name="menu" class="model.Menu" fetch="select">
            <column name="id_menu" not-null="true" />
        </many-to-one>
        <many-to-one name="pesanan" class="model.Pesanan" fetch="select">
            <column name="id_pesanan" not-null="true" />
        </many-to-one>
        <property name="jumlah" type="int">
            <column name="jumlah" not-null="true" />
        </property>
    </class>
</hibernate-mapping>
