<?xml version="1.0"?>
<!DOCTYPE hibernate-mapping PUBLIC "-//Hibernate/Hibernate Mapping DTD 3.0//EN"
"http://www.hibernate.org/dtd/hibernate-mapping-3.0.dtd">
<!-- Generated Jan 10, 2016 3:08:16 PM by Hibernate Tools 4.3.1 -->
<hibernate-mapping>
    <class name="model.Menu" table="menu" catalog="restoran" optimistic-lock="version">
        <id name="idMenu" type="java.lang.Integer">
            <column name="id_menu" />
            <generator class="identity" />
        </id>
        <property name="namaMenu" type="string">
            <column name="nama_menu" length="60" not-null="true" />
        </property>
        <property name="jenis" type="string">
            <column name="jenis" length="8" not-null="true" />
        </property>
        <property name="stok" type="int">
            <column name="stok" not-null="true" />
        </property>
        <property name="harga" type="double">
            <column name="harga" not-null="true" />
        </property>
        <set name="detailPesanans" table="detail_pesanan" inverse="true" lazy="true" fetch="select">
            <key>
                <column name="id_menu" not-null="true" />
            </key>
            <one-to-many class="model.DetailPesanan" />
        </set>
    </class>
</hibernate-mapping>
