<?xml version="1.0"?>
<!DOCTYPE hibernate-mapping PUBLIC "-//Hibernate/Hibernate Mapping DTD 3.0//EN"
"http://www.hibernate.org/dtd/hibernate-mapping-3.0.dtd">
<!-- Generated Jan 10, 2016 3:08:16 PM by Hibernate Tools 4.3.1 -->
<hibernate-mapping>
    <class name="model.Pesanan" table="pesanan" catalog="restoran" optimistic-lock="version">
        <id name="idPesanan" type="java.lang.Integer">
            <column name="id_pesanan" />
            <generator class="identity" />
        </id>
        <property name="waktu" type="timestamp">
            <column name="waktu" length="19" not-null="true" />
        </property>
        <property name="noMeja" type="int">
            <column name="no_meja" not-null="true" />
        </property>
        <property name="status" type="string">
            <column name="status" length="2" not-null="true" />
        </property>
        <set name="detailPesanans" table="detail_pesanan" inverse="true" lazy="true" fetch="select">
            <key>
                <column name="id_pesanan" not-null="true" />
            </key>
            <one-to-many class="model.DetailPesanan" />
        </set>
    </class>
</hibernate-mapping>
